,id.orig_h,id.resp_h,id.orig_p,id.resp_p,proto,ts,flow_ct,mean_resp_bytes,std_resp_bytes,mean_duration,std_duration,mean_resp_pkts,std_resp_pkts,mean_orig_pkts,std_orig_pkts,mean_intvl,std_intvl,A,C,D,F,H,I,Q,R,S,T,a,c,d,f,h,i,q,r,s,t
0,192.168.1.128,8.8.8.8,60682,53,udp,13.055341,2,56.0,8.48528137424,0.0013675,0.000287792459943,1.0,0.0,1.0,0.0,0.001903,0.0,2,2,2,2,2,0,0,2,2,0,2,2,2,2,2,0,0,2,0,0
1,fe80::da58:d7ff:fe00:f72,fe80::91d7:c7cc:5795:f857,547,546,udp,11.271524,133,0.0,0.0,19.2508869774,15.0247687662,0.0,0.0,7.51127819549,3.89758383072,21457.8997791,1848.45970995,133,133,133,133,133,0,0,133,133,0,133,133,133,133,133,0,0,133,0,0
2,192.168.1.128,89.163.220.168,49174,1443,tcp,232.131448,5049,2480.0,784.322534645,0.133370420479,1.90360387275,7.26658744306,2.01259767122,7.38027332145,2.02401759655,563.364447025,148.738434843,5049,5049,5049,5049,5049,0,0,5049,5049,0,5049,5049,5049,5049,5049,0,0,5049,0,0
3,fd2d:ab8c:225:0:512:a519:bb75:80ea,fd2d:ab8c:225::1,58265,53,udp,232.185667,11,184.545454545,186.842374014,0.0612598181818,0.0913889702413,1.0,0.0,1.0,0.0,43692.0773009,99679.6538142,11,11,11,11,11,0,0,11,11,0,11,11,11,11,11,0,0,11,0,0
4,192.168.1.128,95.158.148.249,49175,3443,tcp,358.18755,4743,2658.61564411,189.288302979,0.335125774194,3.71668455709,8.75184482395,0.94747342748,8.01075268817,0.279502032378,599.720524737,41.8600612512,4743,4743,4743,4743,4743,0,0,4743,4743,0,4743,4743,4743,4743,4743,0,0,4743,0,0
5,192.168.1.128,8.253.143.249,49176,80,tcp,359.703065,1,52539.0,,63.637032,,39.0,,19.0,,,,1,1,1,1,1,0,0,1,1,0,1,1,1,1,1,0,0,1,0,0
6,192.168.1.128,59.125.50.132,49177,44443,tcp,521.653962,4744,2657.64713322,228.355401964,1.74384071164,3.31263254347,9.89629005059,0.57221024418,8.15556492411,0.469879849259,599.585779437,43.1110028763,4744,4744,4744,4744,4744,0,0,4744,4744,0,4744,4744,4744,4744,4744,0,0,4744,0,0
7,fd2d:ab8c:225:0:adef:d356:64b3:7085,fd2d:ab8c:225::1,51756,53,udp,675915.650649,2,56.0,8.48528137424,0.048471,0.0576461732295,1.0,0.0,1.0,0.0,0.0897230000701,0.0,2,2,2,2,2,0,0,2,2,0,2,2,2,2,2,0,0,2,0,0
