,id.orig_h,id.resp_h,id.orig_p,id.resp_p,proto,mean_resp_bytes,med_resp_bytes,std_resp_bytes,mean_duration,med_duration,std_duration,mean_resp_pkts,med_resp_pkts,std_resp_pkts,mean_orig_pkts,med_orig_pkts,std_orig_pkts,A,C,D,F,H,I,Q,R,S,T,a,c,d,f,h,i,q,r,s,t
0,10.0.0.41,104.216.132.211,34,80,tcp,0.0,0.0,0.0,0.0761030539403,0.0,0.124939427907,0.0,0.0,0.0,1.36876094313,1.0,0.685008138695,254726,254726,254726,254726,254726,0,0,254726,254726,0,254726,254726,254726,254726,254726,0,0,254726,0,0
1,10.0.0.41,59.188.237.12,56247,53,udp,94.5,94.5,0.707106781187,0.3630885,0.3630885,0.00026799347007,1.0,1.0,0.0,2.0,2.0,0.0,2,2,2,2,2,0,0,2,2,0,2,2,2,2,2,0,0,2,0,0
2,10.0.0.41,8.8.8.8,50050,53,udp,46.5,46.5,0.707106781187,0.0839845,0.0839845,5.16187950266e-05,1.0,1.0,0.0,2.0,2.0,0.0,2,2,2,2,2,0,0,2,2,0,2,2,2,2,2,0,0,2,0,0
3,10.0.0.41,59.188.242.190,35691,8080,tcp,8781.0,8781.0,,6.515398,6.515398,,10.0,10.0,,20.0,20.0,,1,1,1,1,1,0,0,1,1,0,1,1,1,1,1,0,0,1,0,0
4,10.0.0.41,104.217.190.202,55699,80,tcp,0.0,0.0,0.0,0.085584970019,0.0,0.107259067413,0.0,0.0,0.0,1.45448382502,1.0,0.728352568616,131283,131283,131283,131283,131283,0,0,131283,131283,0,131283,131283,131283,131283,131283,0,0,131283,0,0
5,10.0.0.41,59.188.242.190,52933,2800,tcp,1244.0,1244.0,,41.888121,41.888121,,10.0,10.0,,23.0,23.0,,1,1,1,1,1,0,0,1,1,0,1,1,1,1,1,0,0,1,0,0
