,id.orig_h,id.resp_h,id.orig_p,id.resp_p,proto,ts,flow_ct,mean_resp_bytes,std_resp_bytes,mean_duration,std_duration,mean_resp_pkts,std_resp_pkts,mean_orig_pkts,std_orig_pkts,mean_intvl,std_intvl,A,C,D,F,H,I,Q,R,S,T,a,c,d,f,h,i,q,r,s,t
0,192.168.1.110,8.8.8.8,50501,53,udp,11.471177,2,56.0,8.48528137424,0.0013775,0.000358503138062,1.0,0.0,1.0,0.0,0.001982,0.0,2,2,2,2,2,0,0,2,2,0,2,2,2,2,2,0,0,2,0,0
1,fe80::da58:d7ff:fe00:f72,fe80::3d1a:8135:9ed5:db1c,547,546,udp,8.086264,1,0.0,,70.2444,,0.0,,21.0,,,,1,1,1,1,1,0,0,1,1,0,1,1,1,1,1,0,0,1,0,0
2,192.168.1.110,192.42.116.41,49191,80,tcp,297.462582,1,383.0,,0.049654,,6.0,,6.0,,,,1,1,1,1,1,0,0,1,1,0,1,1,1,1,1,0,0,1,0,0
3,192.168.1.110,208.100.26.234,49192,80,tcp,297.991544,1,335.0,,1.346898,,6.0,,6.0,,,,1,1,1,1,1,0,0,1,1,0,1,1,1,1,1,0,0,1,0,0
4,192.168.1.110,23.253.126.58,49193,80,tcp,300.255,1,140.0,,0.354794,,6.0,,6.0,,,,1,1,1,1,1,0,0,1,1,0,1,1,1,1,1,0,0,1,0,0
5,fd2d:ab8c:225:0:1dd1:f146:ce60:e3aa,fd2d:ab8c:225::1,61712,53,udp,296.693588,4,66.0,21.9544984001,0.38070275,0.199292929144,1.0,0.0,1.0,0.0,1.30567466667,0.411729509318,4,4,4,4,4,0,0,4,4,0,4,4,4,4,4,0,0,4,0,0
6,192.168.1.110,216.218.185.162,49194,80,tcp,301.126026,1,0.0,,0.000649,,3.0,,4.0,,,,1,1,1,1,1,0,0,1,1,0,1,1,1,1,1,0,0,1,0,0
